{
  "config": {
    "train_size": 200,
    "test_size": 50,
    "purge": 5,
    "n_windows": 2
  },
  "results": [
    {
      "scheme": "GLM集成",
      "n_trades": 323,
      "win_rate": 0.536,
      "avg_return": 3.58,
      "median_return": 1.28,
      "max_return": 32.31,
      "min_return": -15.83,
      "active_factors": 33,
      "graveyard": [],
      "factor_icir": {
        "ma_trend": -0.011447612094952514,
        "ma_bull": 0.012999312476049765,
        "rsi_signal": -0.0234450419822649,
        "macd_signal": -0.0299468410906652,
        "vol_price": -0.12055957960355412,
        "dev_ma20": -0.06091197520940885,
        "pct_52w": 0.09109366579990462,
        "vol_ratio_5d": -0.12135018901926671,
        "ret_5d": -0.14503693717972574,
        "ret_20d": -0.010682944122445921,
        "streak": -0.06297334992039845,
        "gap_open": 0.07288596503783477,
        "turnover_z": 0.45143163263087194,
        "amplitude_z": 0.007985528270924039,
        "cmf": -0.09607713935752635,
        "mfi": 0.15337611613873106,
        "vwap_premium": -0.09566825566137341,
        "vol_up_days": -0.09992377594212275,
        "main_flow_5d": -0.013247709978798195,
        "main_flow_20d": -0.013247709978798195,
        "inflow_rate": -0.013247709978798195,
        "event_score": -0.013247709978798195,
        "event_count": -0.013247709978798195,
        "pe_percentile": 0.0821175004352762,
        "pb_percentile": 0.0821175004352762,
        "log_mcap": 0.16197988636833088,
        "roe_rank": 0.0,
        "gross_margin_rank": 0.0,
        "ocf_ratio_rank": 0.0,
        "sector_rsi": -0.013247709978798195,
        "sector_momentum": -0.013247709978798195,
        "volatility_20d": -0.019920266812942438,
        "max_dd_20d": 0.05232033335383081
      },
      "n_trades_per_window": []
    },
    {
      "scheme": "等权组合",
      "n_trades": 307,
      "win_rate": 0.505,
      "avg_return": 4.02,
      "median_return": 0.14,
      "max_return": 31.19,
      "min_return": -20.06,
      "active_factors": 33,
      "graveyard": [],
      "factor_icir": {
        "ma_trend": -0.011447612094952514,
        "ma_bull": 0.012999312476049765,
        "rsi_signal": -0.0234450419822649,
        "macd_signal": -0.0299468410906652,
        "vol_price": -0.12055957960355412,
        "dev_ma20": -0.06091197520940885,
        "pct_52w": 0.09109366579990462,
        "vol_ratio_5d": -0.12135018901926671,
        "ret_5d": -0.14503693717972574,
        "ret_20d": -0.010682944122445921,
        "streak": -0.06297334992039845,
        "gap_open": 0.07288596503783477,
        "turnover_z": 0.45143163263087194,
        "amplitude_z": 0.007985528270924039,
        "cmf": -0.09607713935752635,
        "mfi": 0.15337611613873106,
        "vwap_premium": -0.09566825566137341,
        "vol_up_days": -0.09992377594212275,
        "main_flow_5d": -0.013247709978798195,
        "main_flow_20d": -0.013247709978798195,
        "inflow_rate": -0.013247709978798195,
        "event_score": -0.013247709978798195,
        "event_count": -0.013247709978798195,
        "pe_percentile": 0.0821175004352762,
        "pb_percentile": 0.0821175004352762,
        "log_mcap": 0.16197988636833088,
        "roe_rank": 0.0,
        "gross_margin_rank": 0.0,
        "ocf_ratio_rank": 0.0,
        "sector_rsi": -0.013247709978798195,
        "sector_momentum": -0.013247709978798195,
        "volatility_20d": -0.019920266812942438,
        "max_dd_20d": 0.05232033335383081
      },
      "n_trades_per_window": []
    },
    {
      "scheme": "ICIR加权",
      "n_trades": 264,
      "win_rate": 0.564,
      "avg_return": 4.87,
      "median_return": 5.08,
      "max_return": 36.78,
      "min_return": -15.84,
      "active_factors": 33,
      "graveyard": [],
      "factor_icir": {
        "ma_trend": -0.011447612094952514,
        "ma_bull": 0.012999312476049765,
        "rsi_signal": -0.0234450419822649,
        "macd_signal": -0.0299468410906652,
        "vol_price": -0.12055957960355412,
        "dev_ma20": -0.06091197520940885,
        "pct_52w": 0.09109366579990462,
        "vol_ratio_5d": -0.12135018901926671,
        "ret_5d": -0.14503693717972574,
        "ret_20d": -0.010682944122445921,
        "streak": -0.06297334992039845,
        "gap_open": 0.07288596503783477,
        "turnover_z": 0.45143163263087194,
        "amplitude_z": 0.007985528270924039,
        "cmf": -0.09607713935752635,
        "mfi": 0.15337611613873106,
        "vwap_premium": -0.09566825566137341,
        "vol_up_days": -0.09992377594212275,
        "main_flow_5d": -0.013247709978798195,
        "main_flow_20d": -0.013247709978798195,
        "inflow_rate": -0.013247709978798195,
        "event_score": -0.013247709978798195,
        "event_count": -0.013247709978798195,
        "pe_percentile": 0.0821175004352762,
        "pb_percentile": 0.0821175004352762,
        "log_mcap": 0.16197988636833088,
        "roe_rank": 0.0,
        "gross_margin_rank": 0.0,
        "ocf_ratio_rank": 0.0,
        "sector_rsi": -0.013247709978798195,
        "sector_momentum": -0.013247709978798195,
        "volatility_20d": -0.019920266812942438,
        "max_dd_20d": 0.05232033335383081
      },
      "n_trades_per_window": []
    }
  ],
  "best": "ICIR加权"
}